<?xml version="1.0" encoding="utf-8"?>
<search> 
  
  
    
    <entry>
      <title>mySQL索引</title>
      <link href="/2020/03/14/MySQL%E7%B4%A2%E5%BC%95/"/>
      <url>/2020/03/14/MySQL%E7%B4%A2%E5%BC%95/</url>
      
        <content type="html"><![CDATA[<h2 id="MySQL教程"><a href="#MySQL教程" class="headerlink" title="MySQL教程"></a>MySQL教程</h2><blockquote><p><a href="https://zxq-hexo.github.io/2020/03/13/MySQL数据库/">MySQL第一期数据库</a><br><a href="https://zxq-hexo.github.io/2020/03/13/MYSQL数据类型/">MySQL第二期数据类型</a><br><a href="https://zxq-hexo.github.io/2020/03/14/MySQL数据表/">MySQL第三期数据表</a><br><a href="https://zxq-hexo.github.io/2020/03/13/MySQL%E6%95%B0%E6%8D%AE%E8%A1%A8%E8%AF%A6%E7%BB%86%E5%91%BD%E4%BB%A4/">MySQL第三期数据表详细命令</a></p></blockquote>]]></content>
      
      
      <categories>
          
          <category> study </category>
          
      </categories>
      
      
    </entry>
    
    
    
    <entry>
      <title>mySQL数据表</title>
      <link href="/2020/03/14/MySQL%E6%95%B0%E6%8D%AE%E8%A1%A8/"/>
      <url>/2020/03/14/MySQL%E6%95%B0%E6%8D%AE%E8%A1%A8/</url>
      
        <content type="html"><![CDATA[<h2 id="创建数据表"><a href="#创建数据表" class="headerlink" title="创建数据表"></a>创建数据表</h2><blockquote><p><code>create table</code> [table_name]<br>(<br>[clumn_name] [column_type],<br>[clumn2_name] [column2_type]<br>);</p></blockquote><p>我们在数据库db_student 中创建一个表名为tb_studnet，并要求有列名[名字name和年龄age]</p><pre><code>mysql&gt;use db_student;Database changedmysql&gt;create table tb_student    -&gt;(    -&gt;name varchar(20),    -&gt;age  int(2)    -&gt;);Query OK,0 rows affected (0.03 sec)</code></pre><h2 id="查看数据表"><a href="#查看数据表" class="headerlink" title="查看数据表"></a>查看数据表</h2><p>注意:在选择数据库(use database_name;)后才可查看数据表</p><blockquote><p><code>show tables;</code> </p></blockquote><p>接下来让我们查看一下tb_student</p><pre><code>mysql&gt;show tables;+----------------------+| Tables_in_db_student |+----------------------+| tb_student           |+----------------------+1 row in set (0.00 sec)</code></pre><p>可以使用(<code>describe</code>[tables_name];或者<code>show create table</code> [tables_name];)更详细的查看<strong>创建</strong>的数据库</p><h2 id="插入数据"><a href="#插入数据" class="headerlink" title="插入数据"></a>插入数据</h2><blockquote><p><code>insert into</code>[table_name] (field1,field2….fieldN)<br><code>values</code><br>(value1,value2….valuesN);</p></blockquote><p>接下来我们以数据<strong>小范，16</strong>为例子进行插入数据</p><pre><code>mysql&gt; insert into tb_student(name,age)    -&gt; values    -&gt; (&apos;小范&apos;,16);Query OK, 1 row affected (0.01 sec)</code></pre><p>如果不指定列名一样可以运行(不指定列名，则默认全选列名)</p><pre><code>mysql&gt; insert into tb_student    -&gt; values        -&gt; (&apos;小范&apos;,16);Query OK, 1 row affected (0.01 sec)</code></pre><h2 id="查看数据"><a href="#查看数据" class="headerlink" title="查看数据"></a>查看数据</h2><blockquote><p><code>select * from</code>[table_name];</p></blockquote><p>查看tb_student的数据</p><pre><code>mysql&gt; select* from tb_student;+--------+------+| name   | age  |+--------+------+| 小范   |   16 |+--------+------+1 row in set (0.00 sec)</code></pre><h2 id="修改数据"><a href="#修改数据" class="headerlink" title="修改数据"></a>修改数据</h2><blockquote><p><code>update</code> [table_name]<br><code>set</code> [clumn_name]=[数据]  （修改数据）<br><code>where</code> [clumn_name]=[数据] （定义到这行）</p></blockquote><p>修改age为17</p><pre><code>mysql&gt; update tb_student    -&gt; set age=17    -&gt; where name=&apos;小范&apos;;Query OK, 1 row affected (0.01 sec)Rows matched: 1  Changed: 1  Warnings: 0mysql&gt; select* from tb_student;+--------+------+| name   | age  |+--------+------+| 小范   |   17 |+--------+------+1 row in set (0.00 sec)</code></pre><h2 id="删除数据"><a href="#删除数据" class="headerlink" title="删除数据"></a>删除数据</h2><blockquote><p><code>delete form</code> [table_name]<code>where</code> [clumn_name]=[数据];</p></blockquote><h2 id="删除表"><a href="#删除表" class="headerlink" title="删除表"></a>删除表</h2><blockquote><p><code>delete from</code>[table_name];<br>只能删除表中的数据 并且删除的数据是可以找回来的</p><p><code>drop table</code>[table_name];<br>这种删除数据的办法 直接删除表  并不可以恢复</p><p><code>truncate table</code> [table_name];<br>只能删除表中的数据  找不回来(数据全删除)</p></blockquote>]]></content>
      
      
      <categories>
          
          <category> study </category>
          
      </categories>
      
      
    </entry>
    
    
    
    <entry>
      <title>mySQL数据表详细命令</title>
      <link href="/2020/03/13/MySQL%E6%95%B0%E6%8D%AE%E8%A1%A8%E8%AF%A6%E7%BB%86%E5%91%BD%E4%BB%A4/"/>
      <url>/2020/03/13/MySQL%E6%95%B0%E6%8D%AE%E8%A1%A8%E8%AF%A6%E7%BB%86%E5%91%BD%E4%BB%A4/</url>
      
        <content type="html"><![CDATA[<h2 id="命令"><a href="#命令" class="headerlink" title="命令"></a>命令</h2><p>show tables;<br>show create table 表名<br>describe [tables_name];</p><h2 id="复制"><a href="#复制" class="headerlink" title="复制"></a>复制</h2><blockquote><p>复制（只复制表头，不复制记录）<br><code>create table</code> [table_name2] <code>like</code> [table_name1];<br>复制（select * from:选择所有记录）<br><code>create table</code> [table_name2] <code>as&lt;select * from</code> [table_name1]<code>&gt;</code>;</p></blockquote><h2 id="修改表结构"><a href="#修改表结构" class="headerlink" title="修改表结构"></a>修改表结构</h2><blockquote><p><code>alter table</code> [table_name]<br><code>add</code>(增加) [column __name] [column_type];</p><p><code>alter table</code> [table_name]<br><code>drop</code>(删除) cloumn [column __name];</p><p><code>alter table</code> [table_name]<br><code>modify</code>(修改) [column __name] [column_type];</p></blockquote><h2 id="修改数据"><a href="#修改数据" class="headerlink" title="修改数据"></a>修改数据</h2><blockquote><p><strong>insert</strong>(插入)</p><blockquote><p><code>insert into</code>[table_name] <code>values</code>(数据);<br><code>insert into</code>[table_name] (clumn_name)<code>values</code>(数据);</p></blockquote><p><strong>replace</strong>(替换)</p><blockquote><p><code>replace into</code> [tables_name]<code>values</code>(数据);</p></blockquote><p><strong>update</strong>(修改数据)</p><blockquote><p><code>update</code> [tables_name]<br><code>set</code> [clumn_name]=[clumn_name]+10；<br><code>update</code> [table_name]<br><code>set</code> [  进行修改]<br><code>where</code> [clumn_name];<br>例：update xs<br>set student_id=’123123’,remakes=’计算机专业’<br>where name=’刘华’；</p></blockquote><p><strong>delete</strong>(删除数据)</p><blockquote><p><code>delete form</code> [table_name]<code>where</code> [clumn_name]=[数据];</p></blockquote><p><strong>drop</strong>(删除结构)</p><blockquote><p><code>truncate table</code> [table_name] (数据全删除);</p></blockquote></blockquote><p>作业</p><pre><code>create database db_student;use db_student;create table tb_student();insert into tb_student values(数据);select*from tb_student;</code></pre>]]></content>
      
      
      <categories>
          
          <category> study </category>
          
      </categories>
      
      
    </entry>
    
    
    
    <entry>
      <title>mySQL数据类型</title>
      <link href="/2020/03/13/MYSQL%E6%95%B0%E6%8D%AE%E7%B1%BB%E5%9E%8B/"/>
      <url>/2020/03/13/MYSQL%E6%95%B0%E6%8D%AE%E7%B1%BB%E5%9E%8B/</url>
      
        <content type="html"><![CDATA[<h2 id="数值类型"><a href="#数值类型" class="headerlink" title="数值类型"></a>数值类型</h2><table><thead><tr><th>类型</th><th>大小</th><th>范围（有符号）</th><th>范围（无符号）</th><th>用途</th></tr></thead><tbody><tr><td>tinyint</td><td>1字节</td><td>(-128，127)</td><td>(0，255)</td><td>小整数值</td></tr><tr><td>smallint</td><td>2字节</td><td>(-32 768，32 767)</td><td>(0，65 535)</td><td>大整数值</td></tr><tr><td>mediumint</td><td>3字节</td><td>(-8 388 608，8 388 607)</td><td>(0，16 777 215)</td><td>大整数值</td></tr><tr><td>int或integer</td><td>4字节</td><td>(-2 147 483 648，2 147 483 647)</td><td>(0，4 294 967 295)</td><td>大整数值</td></tr><tr><td>bigint</td><td>8字节</td><td>(-9,223,372,036,854,775,808，9 223 372 036 854 775 807)</td><td>(0，18 446 744 073 709 551 615)</td><td>极大整数值</td></tr><tr><td>float</td><td>4 字节</td><td>(-3.402 823 466 E+38，-1.175 494 351 E-38)，0，(1.175 494 351 E-38，3.402 823 466 351 E+38)</td><td>0，(1.175 494 351 E-38，3.402 823 466 E+38)</td><td>单精度浮点数值</td></tr><tr><td>double</td><td>8字节</td><td>(-1.797 693 134 862 315 7 E+308，-2.225 073 858 507 201 4 E-308)，0，(2.225 073 858 507 201 4 E-308，1.797 693 134 862 315 7 E+308)</td><td>0，(2.225 073 858 507 201 4 E-308，1.797 693 134 862 315 7 E+308)</td><td>双精度浮点数值</td></tr><tr><td>decimal</td><td>自定义</td><td>可变</td><td>可变</td><td>精度确定的小数类型</td></tr></tbody></table><h2 id="日期和时间类型"><a href="#日期和时间类型" class="headerlink" title="日期和时间类型"></a>日期和时间类型</h2><table><thead><tr><th>类型</th><th>大小</th><th>范围</th><th>格式</th><th>用途</th></tr></thead><tbody><tr><td>data</td><td>3</td><td>1000-01-01/9999-12-31</td><td>YYYY-MM-DD</td><td>日期值</td></tr><tr><td>time</td><td>3</td><td>‘-838:59:59’/‘838:59:59’</td><td>HH:MM:SS</td><td>时间值或持续时间</td></tr><tr><td>year</td><td>1</td><td>1901/2155</td><td>YYYY</td><td>年份值</td></tr><tr><td>datetime</td><td>8</td><td>1000-01-01 00:00:00/9999-12-31 23:59:59</td><td>YYYY-MM-DD HH:MM:SS</td><td>混合日期和时间值</td></tr><tr><td>timestamp</td><td>4</td><td>1970-01-01 00:00:00/2038</td><td>YYYYMMDD HHMMSS</td><td>混合日期和时间值，时间戳</td></tr></tbody></table><h2 id="字符串类型"><a href="#字符串类型" class="headerlink" title="字符串类型"></a>字符串类型</h2><table><thead><tr><th>类型</th><th>大小</th><th>用途</th></tr></thead><tbody><tr><td>char</td><td>0-255字节</td><td>定长字符串</td></tr><tr><td>varchar</td><td>0-65535 字节</td><td>变长字符串</td></tr><tr><td>tinyblob</td><td>0-255字节</td><td>不超过 255 个字符的二进制字符串</td></tr><tr><td>tinytext</td><td>0-255字节</td><td>短文本字符串</td></tr><tr><td>blob</td><td>0-65 535字节</td><td>二进制形式的长文本数据</td></tr><tr><td>text</td><td>0-65 535字节</td><td>长文本数据</td></tr><tr><td>mediumblob</td><td>0-16 777 215字节</td><td>二进制形式的中等长度文本数据</td></tr><tr><td>mediumtext</td><td>0-16 777 215字节</td><td>中等长度文本数据</td></tr><tr><td>longblob</td><td>0-4 294 967 295字节</td><td>二进制形式的极大文本数据</td></tr><tr><td>longtext</td><td>0-4 294 967 295字节</td><td>极大文本数据</td></tr></tbody></table><h2 id="总结"><a href="#总结" class="headerlink" title="总结"></a>总结</h2><blockquote><p>对数据结构有一个了解<br>varchar很常用，可用于经常变化的字段</p></blockquote>]]></content>
      
      
      <categories>
          
          <category> study </category>
          
      </categories>
      
      
    </entry>
    
    
    
    <entry>
      <title>mySQL数据库</title>
      <link href="/2020/03/13/MySQL%E6%95%B0%E6%8D%AE%E5%BA%93/"/>
      <url>/2020/03/13/MySQL%E6%95%B0%E6%8D%AE%E5%BA%93/</url>
      
        <content type="html"><![CDATA[<h2 id="创建数据库"><a href="#创建数据库" class="headerlink" title="创建数据库"></a>创建数据库</h2><p>在打开数据库后 输入密码登录随后输入  </p><blockquote><p><code>create database</code> [database_name];</p></blockquote><p>我们假设数据库名字为db_student 则例子为:  </p><pre><code>musql&gt;create database  db_student;    Query OK,1 row affected (0.01 sec)</code></pre><h2 id="查询数据库"><a href="#查询数据库" class="headerlink" title="查询数据库"></a>查询数据库</h2><blockquote><p><code>show databases;</code></p></blockquote><h2 id="选择数据库"><a href="#选择数据库" class="headerlink" title="选择数据库"></a>选择数据库</h2><blockquote><p><code>use</code>[database_name];</p></blockquote><p>我们假设数据库名字为db_student 则例子为: </p><pre><code>mysql&gt;use db_student;Database changed</code></pre><h2 id="删除数据库"><a href="#删除数据库" class="headerlink" title="删除数据库"></a>删除数据库</h2><blockquote><p><code>drop database</code> [database_name];</p></blockquote><h2 id="退出MySQL"><a href="#退出MySQL" class="headerlink" title="退出MySQL"></a>退出MySQL</h2><blockquote><p><code>exit;</code></p></blockquote><h2 id="总结"><a href="#总结" class="headerlink" title="总结"></a>总结</h2><p>(以<code>db_student</code>作为要操作的数据库)</p><blockquote><p>创建数据库:<code>create database db_student;</code><br>查询数据库:<code>show databases;</code><br>选择数据库:<code>use db_student；</code><br>删除数据库:<code>drop database db_student;</code><br>退出MySQL：<code>exit;</code></p></blockquote>]]></content>
      
      
      <categories>
          
          <category> study </category>
          
      </categories>
      
      
    </entry>
    
    
    
    <entry>
      <title>mySQL</title>
      <link href="/2020/03/11/MySQL%E5%AF%BC%E5%85%A5%E6%95%B0%E6%8D%AE/"/>
      <url>/2020/03/11/MySQL%E5%AF%BC%E5%85%A5%E6%95%B0%E6%8D%AE/</url>
      
        <content type="html"><![CDATA[<p>打开SQLyog<br>点击<br><img src="https://ftp.bmp.ovh/imgs/2020/03/71a9bb81df4c826c.png" alt="1"><br>选择外部数据导入，点击下一步<br><img src="https://ftp.bmp.ovh/imgs/2020/03/93d70bc71c7f765a.png" alt="2"><br>选择导入数据（.excel）<br><img src="https://ftp.bmp.ovh/imgs/2020/03/a76747ab4c490d2a.png" alt="3"><br>选择想要导入数据的数据库<br><img src="https://ftp.bmp.ovh/imgs/2020/03/d39f42db2963340d.png" alt="4"><br>下一步<br><img src="https://ftp.bmp.ovh/imgs/2020/03/388fd8a7187c69ab.png" alt="5"><br>先点击红箭头处，选择你要导入的表，然后点击蓝色箭头，选择表名，随后点击<br><strong>Map</strong><br><img src="https://ftp.bmp.ovh/imgs/2020/03/316ecc1b54c10b55.png" alt="6"><br>在destination 选择对应的标题，type选择类型，再点击 <strong>advan…</strong><br><img src="https://ftp.bmp.ovh/imgs/2020/03/6f4adef7684a9e20.png" alt="6.3"><br>点击删除并重新创建，点击确定<br><img src="https://ftp.bmp.ovh/imgs/2020/03/d882670170825b0c.png" alt="6.5"><br>点击下一步，完成导入。<br><img src="https://ftp.bmp.ovh/imgs/2020/03/8d24947a67c822d9.png" alt="7"></p>]]></content>
      
      
      <categories>
          
          <category> study </category>
          
      </categories>
      
      
    </entry>
    
    
    
    <entry>
      <title>php</title>
      <link href="/2020/03/11/php/"/>
      <url>/2020/03/11/php/</url>
      
        <content type="html"><![CDATA[]]></content>
      
      
      <categories>
          
          <category> study </category>
          
      </categories>
      
      
    </entry>
    
    
    
    <entry>
      <title>第一篇博客</title>
      <link href="/2020/03/10/hello-world/"/>
      <url>/2020/03/10/hello-world/</url>
      
        <content type="html"><![CDATA[<p>你好</p><p>##1</p><p>###2</p><figure class="highlight plain"><table><tr><td class="gutter"><pre><span class="line">1</span><br><span class="line">2</span><br><span class="line">3</span><br></pre></td><td class="code"><pre><span class="line"></span><br><span class="line">&#96;&#96;&#96; bash</span><br><span class="line">$ hexo new &quot;My New Post&quot;</span><br></pre></td></tr></table></figure><h3 id="3"><a href="#3" class="headerlink" title="3"></a>3</h3><figure class="highlight bash"><table><tr><td class="gutter"><pre><span class="line">1</span><br></pre></td><td class="code"><pre><span class="line">$ hexo server</span><br></pre></td></tr></table></figure><h3 id="4"><a href="#4" class="headerlink" title="4"></a>4</h3><figure class="highlight bash"><table><tr><td class="gutter"><pre><span class="line">1</span><br></pre></td><td class="code"><pre><span class="line">$ hexo generate</span><br></pre></td></tr></table></figure><h3 id="5"><a href="#5" class="headerlink" title="5"></a>5</h3><figure class="highlight bash"><table><tr><td class="gutter"><pre><span class="line">1</span><br></pre></td><td class="code"><pre><span class="line">$ hexo deploy</span><br></pre></td></tr></table></figure><p>More info: <a href="https://hexo.io/docs/one-command-deployment.html" target="_blank" rel="noopener">Deployment</a></p>]]></content>
      
      
      <categories>
          
          <category> test </category>
          
      </categories>
      
      
    </entry>
    
    
  
  
</search>
